Rank_trad,Rank_w,Rank_diff,PlayerId,PlayerName,Position,PlusMinus,PlusMinus_w
2,1,1,8471214,"Alex Ovechkin",R,45,14.761
3,2,1,8471242,"Mike Green",D,39,14.579
1,3,-2,8471240,"Jeff Schultz",D,51,14.328
4,4,0,8469555,"Christian Ehrhoff",D,36,11.061
5,5,0,8473563,"Nicklas Backstrom",C,36,10.921
7,6,1,8467876,"Henrik Sedin",C,35,10.417
16,7,9,8474190,"Wayne Simmonds",R,22,10.245
8,8,0,8467875,"Daniel Sedin",L,35,9.941
6,9,-3,8470120,"Alexander Semin",R,36,9.513
28,10,18,8468483,"Marian Gaborik",R,19,9.285
42,11,31,8467353,"Nik Antropov",C,15,9.263
54,12,42,8471703,"Steve Downie",R,13,9.127
31,13,18,8471887,"Patric Hornqvist",R,18,8.955
32,14,18,8471675,"Sidney Crosby",C,18,8.729
48,15,33,8469454,"Ilya Kovalchuk",R,14,8.702
22,16,6,8467856,"Brian Rafalski",D,20,8.657
33,17,16,8474563,"Drew Doughty",D,18,8.609
20,18,2,8471234,"Wojtek Wolski",L,21,8.429
81,19,62,8459492,"Vinny Prospal",L,10,7.939
55,20,35,8459442,"Saku Koivu",C,13,7.727
39,21,18,8473533,"Jordan Staal",C,17,7.665
29,22,7,8457063,"Nicklas Lidstrom",D,19,7.518
10,23,-13,8471241,"Mark Fistric",D,28,7.479
9,24,-15,8470358,"Alexandre Burrows",R,33,7.474
529,25,504,8469455,"Jason Spezza",C,-3,7.472
56,26,30,8474574,"Tyler Myers",D,13,7.398
11,27,-16,8466148,"Marian Hossa",R,24,7.193
149,28,121,8471226,"Drew Stafford",R,5,7.184
34,29,5,8470611,"Eric Fehr",R,18,6.987
49,30,19,8471742,"Cody Franson",D,14,6.978
280,31,249,8471362,"Mikhail Grabovski",C,1,6.571
12,32,-20,8473604,"Jonathan Toews",C,23,6.546
127,33,94,8474001,"TJ Galiardi",L,6,6.484
62,34,28,8467881,"Taylor Pyatt",L,12,6.473
13,35,-22,8469544,"Patrick Sharp",L,23,6.405
14,36,-22,8466139,"Patrick Marleau",L,23,6.396
43,37,6,8467452,"Rob Scuderi",D,15,6.389
112,38,74,8469485,"Derek Roy",C,7,6.292
173,39,134,8470612,"Ryan Getzlaf",C,4,6.192
87,41,46,8471276,"David Krejci",C,9,6.082
585,40,545,8473526,"Peter Mueller",C,-4,6.082
88,42,46,8470598,"Thomas Vanek",L,9,6.08
63,43,20,8468526,"Jarret Stoll",C,12,6.041
44,44,0,8470839,"Shane O'Brien",D,15,6.009
337,45,292,8471698,"T.J. Oshie",R,0,5.916
70,46,24,8470724,"Kyle Quincey",D,11,5.82
82,47,35,8471386,"Scott Parse",L,10,5.681
244,48,196,8471669,"Paul Stastny",C,2,5.624
50,49,1,8467514,"Pavel Datsyuk",C,14,5.62
83,50,33,8471299,"Peter Regin",C,10,5.585
338,51,287,8470621,"Corey Perry",R,0,5.536
281,52,229,8475168,"Matt Duchene",C,1,5.384
45,53,-8,8468482,"Dany Heatley",L,15,5.375
100,54,46,8471676,"Bobby Ryan",R,8,5.364
586,55,531,8471670,"Guillaume Latendresse",L,-4,5.353
530,56,474,8470828,"Toby Enstrom",D,-3,5.319
23,57,-34,8470640,"Matthew Carle",D,20,5.292
174,58,116,8460743,"Tomas Holmstrom",L,4,5.281
57,59,-2,8469506,"Jason Pominville",R,13,5.261
150,60,90,8471222,"Ladislav Smid",D,5,5.259
35,61,-26,8467334,"Manny Malhotra",C,18,5.21
30,62,-32,8466138,"Joe Thornton",C,19,5.07
245,63,182,8475169,"Evander Kane",L,2,5.059
71,64,7,8471311,"Tyler Kennedy",R,11,5.026
89,65,24,8467878,"Tim Connolly",C,9,5.007
15,66,-51,8470610,"Zach Parise",L,23,4.95
84,67,17,8470273,"Ian White",D,10,4.947
46,68,-22,8466285,"Brian Campbell",D,15,4.847
17,69,-52,8471709,"Marc-Edouard Vlasic",D,22,4.782
175,70,105,8473485,"Chris Stewart",R,4,4.738
90,71,19,8471678,"Benoit Pouliot",L,9,4.735
619,72,547,8471707,"James Neal",L,-5,4.726
113,73,40,8471504,"Rene Bourque",R,7,4.714
128,74,54,8460496,"Ryan Smyth",L,6,4.64
64,75,-11,8471185,"Curtis Glencross",L,12,4.627
40,76,-36,8465951,"Matt Cooke",L,17,4.6
18,77,-59,8459461,"Brendan Morrison",C,22,4.583
176,78,98,8462036,"Daymond Langkow",C,4,4.543
65,79,-14,8473700,"Ryan Wilson",D,12,4.407
246,80,166,8465210,"Pavel Kubina",D,2,4.378
114,81,33,8471274,"Alex Goligoski",D,7,4.374
620,82,538,8470626,"Loui Eriksson",R,-5,4.358
460,83,377,8470041,"Rick Nash",L,-2,4.313
531,84,447,8466181,"Kristian Huselius",L,-3,4.293
532,85,447,8474564,"Steven Stamkos",C,-3,4.253
115,86,29,8469470,"Carlo Colaiacovo",D,7,4.233
91,87,4,8469992,"Sheldon Brookbank",D,9,4.117
92,88,4,8470280,"Ben Eager",L,9,3.987
72,89,-17,8465042,"Toni Lydman",D,11,3.916
533,90,443,8469459,"Mikko Koivu",C,-3,3.903
534,91,443,8470310,"Aaron Rome",D,-3,3.886
51,92,-41,8445550,"Rob Blake",D,14,3.848
151,93,58,8450725,"Mark Recchi",R,5,3.845
101,94,7,8464957,"J-P Dumont",R,8,3.827
66,95,-29,8467496,"Andrei Markov",D,12,3.784
73,96,-23,8462077,"Jochen Hecht",C,11,3.778
52,97,-45,8465202,"Sami Salo",D,14,3.762
207,98,109,8457981,"Teemu Selanne",R,3,3.74
177,99,78,8465058,"Michal Rozsival",D,4,3.691
129,100,29,8460577,"Milan Hejduk",R,6,3.687
130,101,29,8469474,"Colby Armstrong",R,6,3.668
116,102,14,8474125,"Carl Gunnarsson",D,7,3.651
74,103,-29,8471273,"Brandon Dubinsky",C,11,3.65
117,104,13,8471685,"Anze Kopitar",C,7,3.648
247,105,142,8468695,"Matthew Lombardi",C,2,3.6
85,106,-21,8467463,"Mikael Samuelsson",R,10,3.582
208,107,101,8470687,"Zack Stortini",R,3,3.577
178,108,70,8471729,"Kris Russell",D,4,3.562
152,109,43,8468114,"Douglas Murray",D,5,3.524
102,110,-8,8467096,"Dan Boyle",D,8,3.504
535,111,424,8475105,"Dan Sexton",R,-3,3.452
779,112,667,8465200,"Tomas Kaberle",D,-12,3.447
209,113,96,8459648,"Pavol Demitra",R,3,3.437
67,114,-47,8466182,"Henrik Tallinder",D,12,3.396
587,115,472,8470162,"Matt Stajan",C,-4,3.357
131,116,15,8467545,"Michael Ryder",R,6,3.352
210,117,93,8468535,"Antoine Vermette",C,3,3.345
153,118,35,8470854,"Tanner Glass",L,5,3.343
103,119,-16,8473933,"Ben Lovejoy",D,8,3.331
24,120,-96,8458590,"Mike Knuble",R,20,3.323
211,121,90,8467407,"Brian Gionta",R,3,3.295
212,122,90,8468508,"Justin Williams",R,3,3.292
179,123,56,8469500,"Mike Cammalleri",L,4,3.28
118,124,-6,8469466,"Ales Hemsky",R,7,3.278
75,125,-50,8470299,"Erik Christensen",C,11,3.27
706,126,580,8459426,"Paul Kariya",L,-8,3.252
621,127,494,8459596,"Andrew Brunette",L,-5,3.028
119,128,-9,8460621,"Daniel Alfredsson",R,7,3.026
154,129,25,8462535,"Jody Shelley",L,5,2.986
248,130,118,8474568,"Luke Schenn",D,2,2.978
213,131,82,8470207,"Joffrey Lupul",L,3,2.973
622,132,490,8468486,"Scott Hartnell",L,-5,2.963
840,133,707,8467899,"Martin Havlat",L,-20,2.868
36,134,-98,8470966,"Mark Giordano",D,18,2.857
180,135,45,8467336,"Mike Rupp",L,4,2.851
155,136,19,8470105,"Scottie Upshall",L,5,2.813
249,137,112,8460719,"Steve Sullivan",L,2,2.796
461,138,323,8470596,"Nathan Horton",R,-2,2.787
181,139,42,8470121,"Matt Greene",D,4,2.742
21,140,-119,8471233,"Travis Zajac",C,21,2.741
58,141,-83,8467365,"John Erskine",D,13,2.694
120,142,-22,8460500,"Nolan Baumgartner",D,7,2.678
182,143,39,8470600,"Ryan Suter",D,4,2.668
156,144,12,8451224,"Mathieu Schneider",D,5,2.649
157,145,12,8470666,"Daniel Carcillo",L,5,2.617
183,146,37,8470794,"Joe Pavelski",C,4,2.615
93,147,-54,8465005,"Colin White",D,9,2.607
94,148,-54,8469473,"Marcel Goc",C,9,2.606
59,149,-90,8464979,"Marco Sturm",L,13,2.574
95,150,-55,8471283,"Brandon Prust",L,9,2.562
96,151,-55,8470187,"Johnny Boychuk",D,9,2.519
132,152,-20,8464981,"Cory Sarich",D,6,2.485
214,153,61,8470755,"Brad Richardson",R,3,2.465
339,154,185,8470741,"Nigel Dawes",L,0,2.461
654,155,499,8473548,"Phil Kessel",R,-6,2.452
184,156,28,8470543,"Chris Kunitz",L,4,2.424
462,157,305,8458943,"Cory Stillman",L,-2,2.391
133,158,-25,8469626,"Andrew Alberts",D,6,2.379
185,159,26,8470110,"Trevor Daley",D,4,2.37
780,160,620,8467389,"Brad Richards",C,-12,2.34
707,161,546,8467844,"Jason Blake",L,-8,2.338
104,162,-58,8468506,"Brian Sutherby",C,8,2.333
588,163,425,8475179,"Dmitry Kulikov",D,-4,2.322
25,164,-139,8460542,"Patrik Elias",C,20,2.299
47,165,-118,8471735,"Keith Yandle",D,15,2.294
463,166,297,8462038,"Shane Doan",R,-2,2.29
282,167,115,8471811,"Cal O'Reilly",C,1,2.279
391,168,223,8466160,"Brenden Morrow",L,-1,2.277
340,169,171,8471323,"Ryan Jones",L,0,2.276
283,170,113,8467351,"Scott Gomez",C,1,2.259
76,171,-95,8468478,"Mike Weaver",D,11,2.255
77,172,-95,8468542,"Paul Martin",D,11,2.25
134,173,-39,8473422,"Nick Foligno",L,6,2.235
37,174,-137,8465009,"Zdeno Chara",D,18,2.222
186,175,11,8471254,"Bryan Bickell",L,4,2.193
341,176,165,8468432,"Steve Reinprecht",C,0,2.174
215,177,38,8471748,"Mark Fraser",D,3,2.169
38,178,-140,8470607,"Brent Seabrook",D,18,2.116
464,179,285,8470151,"Jay Bouwmeester",D,-2,2.116
733,180,553,8468598,"Lubomir Visnovsky",D,-9,2.04
284,181,103,8471309,"Johan Franzen",R,1,2.017
392,182,210,8469476,"Tim Gleason",D,-1,2.013
734,183,551,8466378,"Martin St. Louis",R,-9,1.986
97,184,-87,8462033,"Wade Redden",D,9,1.963
135,185,-50,8470662,"Colin Fraser",C,6,1.926
216,186,30,8472263,"Chris Durno",L,3,1.884
217,187,30,8467343,"Martin Skoula",D,3,1.883
187,188,-1,8473618,"Mathieu Perreault",C,4,1.842
121,189,-68,8471769,"Niklas Hjalmarsson",D,7,1.782
41,190,-149,8474141,"Patrick Kane",R,17,1.777
393,191,202,8470804,"Mathieu Roy",D,-1,1.755
188,192,-4,8473514,"Jesse Joensuu",L,4,1.717
342,193,149,8466216,"Adam Mair",C,0,1.707
465,194,271,8467943,"Niklas Hagman",L,-2,1.701
394,195,199,8468639,"John-Michael Liles",D,-1,1.667
136,196,-60,8473712,"Frazer McLaren",L,6,1.651
218,197,21,8473584,"Andrew MacDonald",D,3,1.617
189,198,-9,8470778,"Drew Miller",L,4,1.611
26,199,-173,8470281,"Duncan Keith",D,20,1.581
466,200,266,8458951,"Sergei Gonchar",D,-2,1.578
285,201,84,8470740,"Lee Stempniak",R,1,1.567
286,202,84,8470604,"Jeff Carter",C,1,1.545
467,203,264,8473579,"Nikolay Kulemin",L,-2,1.536
250,204,46,8475118,"Matt Gilroy",D,2,1.505
190,205,-15,8473600,"Benn Ferriero",R,4,1.503
137,206,-69,8469501,"Chris Thorburn",R,6,1.433
395,207,188,8467493,"Chris Neil",R,-1,1.431
589,208,381,8475167,"Victor Hedman",D,-4,1.429
138,209,-71,8469581,"Kyle Wellwood",C,6,1.428
78,210,-132,8474590,"John Carlson",D,11,1.411
396,211,185,8473994,"Jamie Benn",L,-1,1.409
158,212,-54,8460580,"Brad Lukowich",D,5,1.398
191,213,-22,8470798,"Dylan Reese",D,4,1.394
219,214,5,8470920,"David Clarkson",R,3,1.363
735,215,520,8458517,"Scott Niedermayer",D,-9,1.357
159,216,-57,8466393,"Pascal Dupuis",R,5,1.347
53,217,-164,8469639,"Brooks Laich",C,14,1.346
590,218,372,8467917,"Jordan Leopold",D,-4,1.331
220,219,1,8474096,"Nick Spaling",C,3,1.3
192,220,-28,8470685,"Alexander Sulzer",D,4,1.291
343,221,122,8471664,"Mason Raymond",L,0,1.289
623,222,401,8473534,"Patrik Berglund",C,-5,1.286
468,223,245,8474091,"Brandon Sutter",C,-2,1.28
221,224,-3,8474573,"Josh Bailey",L,3,1.262
624,225,399,8473564,"Michael Frolik",R,-5,1.262
122,226,-104,8465122,"Brett Clark",D,7,1.261
139,227,-88,8471450,"Brandon Yip",R,6,1.261
105,228,-123,8459534,"Miroslav Satan",R,8,1.258
193,229,-36,8467439,"Jaroslav Spacek",D,4,1.243
536,230,306,8468704,"Antti Miettinen",R,-3,1.243
251,231,20,8466158,"Scott Hannan",D,2,1.224
469,232,237,8469707,"Pierre-Alexandre Parenteau",R,-2,1.206
287,233,54,8468611,"Matt Hendricks",L,1,1.201
160,234,-74,8462118,"Marc Savard",C,5,1.162
222,235,-13,8471419,"Mark Mancari",R,3,1.156
194,236,-42,8473571,"Jamie McBain",D,4,1.139
397,237,160,8466251,"Jason Chimera",L,-1,1.127
223,238,-15,8467977,"Brian McGrattan",R,3,1.125
288,240,48,8474707,"Philip Larsen",D,1,1.113
537,239,298,8475381,"Mika Pyorala",C,-3,1.113
398,241,157,8474498,"Jesse Winchester",C,-1,1.105
289,242,47,8471978,"Brett Festerling",D,1,1.091
19,243,-224,8459424,"Chris Pronger",D,22,1.072
106,244,-138,8460770,"Kim Johnsson",D,8,1.069
224,245,-21,8460533,"Dave Scatchard",C,3,1.037
290,246,44,8465050,"Eric Belanger",C,1,1.033
591,247,344,8468520,"Kurtis Foster",D,-4,1.029
140,248,-108,8466145,"Nick Boynton",D,6,1.02
195,249,-54,8471208,"Dustin Penner",R,4,0.979
225,250,-25,8468001,"Derek MacKenzie",C,3,0.97
141,251,-110,8459457,"Jamie Langenbrunner",R,6,0.964
344,252,92,8470617,"Mike Richards",C,0,0.952
470,253,217,8470905,"Randy Jones",D,-2,0.952
252,254,-2,8474189,"Lars Eller",C,2,0.942
655,255,400,8466333,"Andrew Ference",D,-6,0.922
399,256,143,8470603,"Andrei Kostitsyn",L,-1,0.919
196,257,-61,8474053,"Logan Couture",C,4,0.893
226,258,-32,8468086,"Alexandre Giroux",L,3,0.826
291,259,32,8473385,"Ville Koistinen",D,1,0.821
107,260,-153,8474218,"Jason Demers",D,8,0.815
471,262,209,8473914,"Mark Letestu",C,-2,0.739
656,261,395,8462225,"Filip Kuba",D,-6,0.739
253,263,-10,8469465,"Dan Hamhuis",D,2,0.735
254,264,-10,8473592,"Vladimir Zharkov",R,2,0.723
79,265,-186,8469759,"Vernon Fiddler",C,11,0.712
592,266,326,8471218,"Blake Wheeler",R,-4,0.689
161,267,-106,8474150,"Mikael Backlund",C,5,0.682
227,268,-41,8471245,"Dave Bolland",C,3,0.676
228,269,-41,8471859,"Sergei Kostitsyn",L,3,0.667
197,270,-73,8468095,"George Parros",R,4,0.641
198,271,-73,8464977,"Dainius Zubrus",L,4,0.639
199,272,-73,8469483,"David Steckel",C,4,0.631
200,273,-73,8469755,"Brandon Segal",R,4,0.629
255,274,-19,8473491,"Tomas Kana",C,2,0.626
292,275,17,8472379,"Tim Stapleton",C,1,0.617
256,276,-20,8470625,"Ryan Stone",C,2,0.613
293,277,16,8471842,"Tim Kennedy",L,1,0.612
257,278,-21,8475128,"Ilkka Heikkinen",D,2,0.603
345,279,66,8473482,"Jiri Tlusty",L,0,0.602
142,280,-138,8468427,"Brian Pothier",D,6,0.601
258,281,-23,8473459,"Arturs Kulda",D,2,0.575
625,282,343,8475098,"Tyler Bozak",C,-5,0.572
229,283,-54,8468523,"Matt Pettinger",L,3,0.554
259,284,-25,8466232,"Quintin Laing",L,2,0.546
162,285,-123,8469638,"Jussi Jokinen",L,5,0.544
538,287,251,8471385,"Adam Pardy",D,-3,0.535
736,286,450,8458529,"Alex Kovalev",R,-9,0.535
294,288,6,8468887,"Warren Peters",C,1,0.513
686,289,397,8462041,"Radek Dvorak",R,-7,0.513
626,290,336,8471699,"Andrew Cogliano",C,-5,0.512
687,291,396,8470054,"Keith Ballard",D,-7,0.508
260,292,-32,8474571,"Mikkel Boedker",L,2,0.504
230,293,-63,8471663,"Mike Blunden",R,3,0.495
346,294,52,8459429,"Jason Arnott",C,0,0.49
163,295,-132,8464956,"Chris Phillips",D,5,0.48
472,296,176,8464975,"Daniel Briere",C,-2,0.472
295,297,-2,8473438,"Mathieu Carle",D,1,0.454
400,298,102,8470047,"Valtteri Filppula",C,-1,0.454
539,299,240,8467583,"Dean Arsene",D,-3,0.448
261,300,-39,8471223,"Boris Valabik",D,2,0.447
347,301,46,8473999,"Nick Palmieri",R,0,0.443
348,302,46,8462042,"Jarome Iginla",R,0,0.434
349,303,46,8473610,"Bobby Sanguinetti",D,0,0.434
164,304,-140,8468509,"Niklas Kronwall",D,5,0.429
60,305,-245,8465185,"Willie Mitchell",D,13,0.418
296,306,-10,8471327,"Wes O'Neill",D,1,0.417
297,307,-10,8470086,"Joe Callahan",D,1,0.401
262,309,-47,8468463,"Mathieu Darche",L,2,0.387
401,308,93,8473997,"Luca Caputi",L,-1,0.387
123,310,-187,8473432,"Derek Dorsett",R,7,0.382
350,311,39,8471521,"Brad Staubitz",R,0,0.378
165,312,-147,8474520,"Jason Garrison",D,5,0.373
298,313,-15,8471261,"Dane Byers",L,1,0.369
627,314,313,8470803,"Kyle Brodziak",C,-5,0.368
299,315,-16,8471352,"Jake Dowell",C,1,0.366
300,316,-16,8470232,"Kris Newbury",C,1,0.363
263,317,-54,8473546,"Michael Grabner",R,2,0.343
351,318,33,8474566,"Nikita Filatov",L,0,0.338
264,319,-55,8473673,"David Schlemko",D,2,0.332
301,320,-19,8474045,"Zach Hamill",C,1,0.324
302,321,-19,8474046,"Alex Plante",D,1,0.318
265,322,-57,8475613,"Nate Prosser",D,2,0.314
402,323,79,8470309,"Ryan Whitney",D,-1,0.308
352,324,28,8471895,"Shaun Heshka",D,0,0.299
708,325,383,8474040,"Sam Gagner",C,-8,0.284
403,326,77,8467370,"Mike Fisher",C,-1,0.274
688,327,361,8470750,"John Mitchell",C,-7,0.267
166,329,-163,8471321,"Brett Carson",D,5,0.259
303,328,-25,8471265,"Raymond Sawada",R,1,0.259
266,330,-64,8464966,"Derek Morris",D,2,0.244
628,331,297,8470634,"Matt Smaby",D,-5,0.239
231,332,-101,8470729,"Tyson Strachan",D,3,0.228
404,333,71,8467412,"Alexei Ponikarovsky",L,-1,0.22
689,334,355,8471215,"Evgeni Malkin",C,-7,0.21
267,335,-68,8469547,"Jordin Tootoo",R,2,0.196
593,336,257,8470988,"Bryan Rodney",D,-4,0.193
822,337,485,8466202,"Maxim Afinogenov",R,-16,0.193
68,338,-270,8471279,"Sami Lepisto",D,12,0.185
353,339,14,8468927,"Steve Montador",D,0,0.178
304,340,-36,8474056,"P.K. Subban",D,1,0.171
201,341,-140,8470159,"Boyd Gordon",C,4,0.17
834,342,492,8474584,"Michael Del Zotto",D,-18,0.162
305,343,-38,8470223,"Yan Stastny",C,1,0.14
61,344,-283,8471686,"Marc Staal",D,13,0.138
69,345,-276,8458637,"Sean O'Donnell",D,12,0.126
268,346,-78,8471829,"Justin Mercier",C,2,0.12
629,347,282,8470329,"Chris Campoli",D,-5,0.117
405,348,57,8469812,"Chad LaRose",R,-1,0.107
202,350,-148,8466309,"Mike Mottau",D,4,0.104
306,349,-43,8471718,"Marc-Andre Cliche",C,1,0.104
354,351,3,8472338,"Jaime Sifers",D,0,0.103
798,352,446,8470599,"Milan Michalek",L,-14,0.095
473,353,120,8468575,"Dominic Moore",C,-2,0.087
307,354,-47,8468568,"Kurt Sauer",D,1,0.084
540,355,185,8471628,"Rick Rypien",C,-3,0.075
308,356,-48,8474589,"Tyler Ennis",C,1,0.072
541,357,184,8470225,"Ilkka Pikkarainen",R,-3,0.068
709,358,351,8469492,"Fedor Tyutin",D,-8,0.063
542,359,183,8473722,"John Scott",L,-3,0.06
355,360,-5,8473580,"Matthew Corrente",D,0,0.052
356,361,-5,8471753,"T.J. Hensick",C,0,0.045
232,362,-130,8468515,"Brad Winchester",L,3,0.041
474,363,111,8471284,"Andrej Sekera",D,-2,0.039
269,364,-95,8468252,"Eric Godard",R,2,0.034
309,365,-56,8470877,"David Jones",R,1,0.032
310,366,-56,8470644,"Colin McDonald",R,1,0.024
406,367,39,8470899,"Triston Grant",L,-1,0.021
407,368,39,8471263,"Enver Lisin",R,-1,0.019
690,369,321,8474578,"Erik Karlsson",D,-7,0.017
408,370,38,8474184,"Keaton Ellerby",D,-1,0.015
311,372,-61,8470705,"Corey Locke",C,1,0
312,375,-63,8470697,"Philippe Dupuis",C,1,0
357,373,-16,8471429,"Tyler Eckford",D,0,0
358,374,-16,8471451,"Aaron Gagnon",C,0,0
409,371,38,8471972,"Ryan Keller",R,-1,0
410,376,34,8474195,"Maksim Mayorov",L,-1,0
313,377,-64,8474153,"Michal Repik",R,1,-0.001
314,378,-64,8474250,"Zack Smith",C,1,-0.002
359,379,-20,8470018,"Matt Ellis",L,0,-0.003
411,381,30,8470203,"Greg Mauldin",L,-1,-0.005
543,380,163,8474569,"Colin Wilson",C,-3,-0.005
412,382,30,8470970,"Drew Larman",C,-1,-0.007
413,383,30,8475170,"Brayden Schenn",C,-1,-0.015
414,384,30,8468213,"Jim Vandermeer",D,-1,-0.017
475,385,90,8471365,"Steven Zalewski",C,-2,-0.018
476,386,90,8474166,"Alec Martinez",D,-2,-0.02
630,387,243,8474157,"Max Pacioretty",L,-5,-0.025
315,388,-73,8470996,"Danny Syvret",D,1,-0.027
415,389,26,8465028,"Boyd Kane",L,-1,-0.029
477,390,87,8471636,"Tim Sestito",L,-2,-0.033
360,391,-31,8470622,"Patrick Eaves",R,0,-0.038
416,392,24,8471840,"Brett Sutter",L,-1,-0.039
316,393,-77,8471810,"Derek Joslin",D,1,-0.043
544,394,150,8470615,"Marc-Antoine Pouliot",C,-3,-0.045
417,396,21,8472215,"Ryan Vesce",R,-1,-0.046
478,395,83,8470317,"Nate Guenin",D,-2,-0.046
361,397,-36,8471188,"Andy Wozniewski",D,0,-0.05
362,398,-36,8460502,"Wade Belak",R,0,-0.05
545,399,146,8471266,"David Booth",L,-3,-0.051
479,400,79,8473550,"Andrew Bodnarchuk",D,-2,-0.052
270,401,-131,8458525,"Brian Rolston",R,2,-0.056
271,402,-131,8473446,"Erik Johnson",D,2,-0.058
418,403,15,8469584,"Joel Perrault",C,-1,-0.058
98,404,-306,8468498,"Brooks Orpik",D,9,-0.061
691,405,286,8467964,"Mike Comrie",C,-7,-0.062
419,406,13,8471976,"David Desharnais",C,-1,-0.065
420,407,13,8474149,"Evgenii Dadonov",L,-1,-0.069
317,408,-91,8474576,"Zach Boychuk",L,1,-0.071
631,409,222,8471767,"Blair Jones",C,-5,-0.072
421,410,11,8472368,"Chris Conner",R,-1,-0.073
422,411,11,8474579,"Luca Sbisa",D,-1,-0.077
657,412,245,8468700,"Paul Gaustad",C,-6,-0.089
423,413,10,8460720,"Eric Boulton",L,-1,-0.095
546,414,132,8475087,"Christian Hanson",C,-3,-0.099
547,415,132,8467928,"Doug Janik",D,-3,-0.102
363,416,-53,8471396,"Derek Peltier",D,0,-0.107
424,417,7,8470058,"Staffan Kronwall",D,-1,-0.118
480,418,62,8468517,"Andy Hilbert",L,-2,-0.119
481,419,62,8465025,"Arron Asham",R,-2,-0.124
318,420,-102,8470886,"Clayton Stoner",D,1,-0.128
319,421,-102,8471483,"Kyle Wilson",C,1,-0.132
632,422,210,8468789,"Jason Williams",C,-5,-0.134
320,423,-103,8471804,"Nathan Gerbe",L,1,-0.137
425,424,1,8469666,"Brandon Bochenski",R,-1,-0.148
838,425,413,8469623,"Marek Zidlicky",D,-19,-0.161
482,426,56,8467579,"Trevor Gillies",L,-2,-0.172
321,427,-106,8470289,"Jim Slater",C,1,-0.181
364,428,-64,8471303,"Alexander Edler",D,0,-0.193
272,429,-157,8470063,"Adam Burish",R,2,-0.199
124,430,-306,8467361,"Blair Betts",C,7,-0.2
365,432,-67,8474511,"Jeff Penner",D,0,-0.21
781,431,350,8449895,"Owen Nolan",R,-12,-0.21
143,433,-290,8471310,"Dustin Boyd",C,6,-0.219
483,434,49,8473924,"Cory Murphy",D,-2,-0.232
484,435,49,8473573,"Artem Anisimov",C,-2,-0.238
108,436,-328,8456283,"Adam Foote",D,8,-0.245
658,437,221,8460661,"Shane Hnidy",D,-6,-0.251
659,438,221,8469575,"Christoph Schubert",D,-6,-0.253
233,439,-206,8471724,"Kris Letang",D,3,-0.257
485,440,45,8475602,"Casey Wellman",C,-2,-0.27
594,441,153,8473412,"Bryan Little",C,-4,-0.28
426,442,-16,8474220,"Jerome Samson",R,-1,-0.281
273,443,-170,8459001,"Kirk Maltby",L,2,-0.287
799,444,355,8471634,"Ryan Shannon",R,-14,-0.288
737,445,292,8467396,"Erik Cole",L,-9,-0.292
109,446,-337,8469665,"Johnny Oduya",D,8,-0.293
427,447,-20,8470004,"Jeff Hoggan",R,-1,-0.298
428,448,-20,8470671,"Danny Irmen",C,-1,-0.307
767,449,318,8469477,"Lukas Krajicek",D,-11,-0.307
429,450,-21,8468846,"Tyler Sloan",D,-1,-0.311
322,451,-129,8471733,"Rich Clune",L,1,-0.312
366,452,-86,8471689,"Ryan O'Marra",C,0,-0.312
430,454,-24,8474662,"Johan Motin",D,-1,-0.313
486,453,33,8471863,"Mario Bliznak",C,-2,-0.313
830,455,375,8470608,"Robert Nilsson",C,-17,-0.317
431,456,-25,8471747,"Mikko Lehtonen",R,-1,-0.318
432,457,-25,8474436,"Brock Trotter",L,-1,-0.318
660,458,202,8469480,"Jeff Woywitka",D,-6,-0.319
234,460,-226,8459427,"Rob Niedermayer",C,3,-0.32
487,459,28,8470366,"Martin St Pierre",C,-2,-0.32
754,461,293,8473492,"Matt Beleskey",L,-10,-0.321
367,462,-95,8470324,"Josh Gorges",D,0,-0.326
433,463,-30,8475172,"Nazem Kadri",C,-1,-0.327
595,464,131,8474094,"Matt Halischuk",R,-4,-0.333
434,465,-31,8471411,"Chad Kolarik",C,-1,-0.335
435,466,-31,8472248,"Jared Ross",C,-1,-0.347
436,467,-31,8471282,"Casey Borer",D,-1,-0.348
488,468,20,8474383,"Joel Rechlicz",R,-2,-0.354
489,469,20,8468626,"David Koci",L,-2,-0.364
368,470,-102,8468518,"Tomas Kopecky",R,0,-0.365
167,472,-305,8470638,"Patrice Bergeron",C,5,-0.383
437,471,-34,8465113,"Brian Willsie",R,-1,-0.383
438,473,-35,8475637,"Bobby Butler",R,-1,-0.392
235,474,-239,8470144,"Frans Nielsen",C,3,-0.393
490,475,15,8473582,"Ivan Vishnevskiy",D,-2,-0.394
439,476,-37,8468881,"Jason Jaffray",L,-1,-0.396
548,477,71,8459640,"Michael Grier",R,-3,-0.397
596,478,118,8471428,"Pierre-Luc Letourneau-Leblond",R,-4,-0.399
323,479,-156,8471336,"David Laliberte",R,1,-0.405
738,480,258,8460556,"Freddy Modin",L,-9,-0.413
491,481,10,8473991,"Karl Alzner",D,-2,-0.414
492,482,10,8471671,"Dustin Kohn",D,-2,-0.423
236,483,-247,8467543,"Toby Petersen",C,3,-0.424
493,484,9,8471312,"JT Wyman",R,-2,-0.432
168,485,-317,8465059,"Matt Bradley",R,5,-0.436
597,486,111,8469490,"Tim Jackman",R,-4,-0.44
661,487,174,8469462,"Tuomo Ruutu",L,-6,-0.443
692,488,204,8458537,"Ray Whitney",L,-7,-0.447
440,489,-49,8474291,"Jay Beagle",R,-1,-0.451
441,491,-50,8470301,"Andre Deveaux",C,-1,-0.464
710,490,220,8460503,"Mattias Ohlund",D,-8,-0.464
494,492,2,8468674,"Deryk Engelland",D,-2,-0.465
598,493,105,8468778,"Colton Orr",R,-4,-0.475
442,494,-52,8474709,"Matt Martin",L,-1,-0.477
782,495,287,8468636,"Greg Zanon",D,-12,-0.479
237,496,-259,8467466,"Trent Hunter",R,3,-0.481
443,497,-54,8470578,"Freddy Meyer",D,-1,-0.488
369,498,-129,8471482,"Grant Clitsome",D,0,-0.493
203,499,-296,8466398,"Tom Kostopoulos",R,4,-0.502
495,500,-5,8459064,"Derek Armstrong",C,-2,-0.517
144,501,-357,8471338,"Torrey Mitchell",C,6,-0.521
549,502,47,8472394,"Peter Harrold",D,-3,-0.522
550,503,47,8474230,"Micheal Haley",C,-3,-0.53
324,504,-180,8470170,"Ole-Kristian Tollefsen",D,1,-0.531
551,505,46,8464967,"Marty Reasoner",C,-3,-0.532
496,506,-10,8471741,"Teemu Laakso",D,-2,-0.547
599,507,92,8473574,"Shawn Matthias",C,-4,-0.552
497,508,-11,8465056,"Trent Whitfield",C,-2,-0.554
370,509,-139,8467428,"Krys Barch",R,0,-0.58
693,510,183,8464989,"Matt Cullen",C,-7,-0.58
238,511,-273,8468504,"Brad Boyes",R,3,-0.585
444,513,-69,8470636,"Josh Hennessy",C,-1,-0.593
498,512,-14,8459514,"Jamal Mayers",R,-2,-0.593
499,514,-15,8471324,"Liam Reddox",L,-2,-0.627
500,515,-15,8474177,"Jon Kalinski",L,-2,-0.632
501,516,-15,8469779,"Keith Aucoin",C,-2,-0.636
600,517,83,8470780,"Mark Flood",D,-4,-0.637
502,518,-16,8459053,"Adrian Aucoin",D,-2,-0.647
552,519,33,8459670,"Kimmo Timonen",D,-3,-0.674
503,520,-17,8470064,"Steven Goertzen",R,-2,-0.69
633,521,112,8470101,"Tim Conboy",D,-5,-0.699
634,522,112,8467519,"Karlis Skrastins",D,-5,-0.701
504,523,-19,8471696,"Matt Lashoff",D,-2,-0.707
274,524,-250,8470595,"Eric Staal",C,2,-0.709
739,525,214,8470274,"Chris Higgins",L,-9,-0.725
553,526,27,8473453,"Trevor Lewis",C,-3,-0.737
601,527,74,8467338,"Alex Tanguay",L,-4,-0.74
505,528,-23,8446053,"Chris Chelios",D,-2,-0.741
755,529,226,8474102,"David Perron",L,-10,-0.742
554,530,24,8459547,"Scott Walker",R,-3,-0.744
555,531,24,8467371,"Mike Ribeiro",C,-3,-0.745
371,533,-162,8460507,"Wayne Primeau",C,0,-0.747
445,532,-87,8464962,"Ruslan Salei",D,-1,-0.747
556,534,22,8466300,"Ben Guite",R,-3,-0.753
446,535,-89,8474557,"Anssi Salmela",D,-1,-0.757
635,536,99,8471683,"Brian Lee",D,-5,-0.764
636,537,99,8470169,"Gregory Campbell",C,-5,-0.777
506,538,-32,8446485,"Kris Draper",C,-2,-0.781
169,539,-370,8471346,"Kris Versteeg",L,5,-0.785
239,540,-301,8462045,"Jay McKee",D,3,-0.789
27,541,-514,8465012,"Tom Poti",D,20,-0.797
507,542,-35,8471693,"Jakub Kindl",D,-2,-0.806
110,543,-433,8460626,"Bryce Salvador",D,8,-0.813
557,544,13,8470896,"Steve MacIntyre",L,-3,-0.814
558,545,13,8471681,"Jack Skille",R,-3,-0.824
559,546,13,8470302,"Patrick Dwyer",R,-3,-0.825
325,547,-222,8462129,"Michal Handzus",C,1,-0.829
447,548,-101,8468510,"Jeff Taffe",L,-1,-0.836
145,549,-404,8469619,"Dennis Seidenberg",D,6,-0.845
508,550,-42,8475086,"Corey Elkins",C,-2,-0.847
560,551,9,8471941,"Mike Duco",R,-3,-0.857
509,552,-43,8470230,"Daniel Paille",L,-2,-0.877
637,553,84,8474154,"Andreas Thuresson",R,-5,-0.878
510,554,-44,8473992,"Justin Falk",D,-2,-0.88
448,555,-107,8470131,"Dwight Helminen",C,-1,-0.881
99,556,-457,8469472,"Shaone Morrisonn",D,9,-0.884
511,557,-46,8470623,"Shawn Belle",D,-2,-0.903
275,558,-283,8459443,"Anders Eriksson",D,2,-0.909
662,559,103,8470575,"Tom Preissing",D,-6,-0.911
326,560,-234,8470852,"Matt Moulson",L,1,-0.917
561,561,0,8474042,"Cody Almond",C,-3,-0.919
602,562,40,8473488,"Sergei Shirokov",L,-4,-0.933
603,563,40,8471238,"Rob Schremp",C,-4,-0.945
800,564,236,8471514,"Rich Peverley",C,-14,-0.946
512,566,-54,8471280,"Nick Johnson",R,-2,-0.949
604,565,39,8470294,"DJ King",L,-4,-0.949
638,567,71,8471498,"Jannik Hansen",R,-5,-0.952
513,568,-55,8469672,"Aaron Voros",L,-2,-0.96
514,569,-55,8473568,"Andreas Nodl",R,-2,-0.961
449,570,-121,8474137,"Drayson Bowman",L,-1,-0.963
605,571,34,8472355,"Rod Pelley",C,-4,-0.969
515,572,-57,8471409,"Andrew Gordon",R,-2,-0.987
562,573,-11,8471331,"Kevin Porter",C,-3,-1.003
327,574,-247,8471399,"Robbie Earl",L,1,-1.008
768,575,193,8468485,"Raffi Torres",L,-11,-1.01
516,576,-60,8470072,"Petr Prucha",R,-2,-1.044
204,577,-373,8475158,"Ryan O'Reilly",C,4,-1.047
328,578,-250,8469488,"Mark Popovic",D,1,-1.051
639,579,60,8467355,"Andrew Peters",L,-5,-1.053
517,580,-63,8470816,"Jay Rosehill",L,-2,-1.073
563,581,-18,8471708,"Ryan Stoa",C,-3,-1.089
372,582,-210,8474009,"Nick Bonino",C,0,-1.093
564,583,-19,8468500,"Alex Frolov",L,-3,-1.107
565,584,-19,8473562,"John McCarthy",L,-3,-1.118
170,585,-415,8471216,"Cam Barker",D,5,-1.131
373,586,-213,8469521,"Tomas Plekanec",C,0,-1.131
566,587,-21,8470383,"Chris Minard",L,-3,-1.143
567,588,-21,8473510,"Jonas Junland",D,-3,-1.148
640,589,51,8470370,"Charles Linglet",L,-5,-1.151
111,590,-479,8470039,"Tomas Fleischmann",L,8,-1.173
694,591,103,8469534,"Aaron Johnson",D,-7,-1.185
568,592,-24,8468502,"David Hale",D,-3,-1.199
569,593,-24,8471457,"Gregory Stewart",L,-3,-1.212
86,594,-508,8472382,"Andy Greene",D,10,-1.251
570,595,-25,8470719,"Alexandre Bolduc",C,-3,-1.253
205,596,-391,8470580,"Jed Ortmeyer",R,4,-1.275
606,597,9,8459004,"Craig Rivet",D,-4,-1.282
518,598,-80,8473493,"Ben Maxwell",C,-2,-1.286
374,599,-225,8468224,"Sean Avery",L,0,-1.294
375,601,-226,8471187,"Brett Lebda",D,0,-1.298
695,600,95,8468660,"Darcy Hordichuk",L,-7,-1.298
276,602,-326,8469684,"Milan Jurcina",D,2,-1.321
641,603,38,8472262,"Clay Wilson",D,-5,-1.321
663,604,59,8470619,"Brian Boyle",C,-6,-1.326
450,605,-155,8470136,"Nathan Oystrick",D,-1,-1.341
376,606,-230,8470678,"Alexandre Picard",D,0,-1.348
571,607,-36,8470655,"David Backes",C,-3,-1.355
451,608,-157,8467931,"Matt Carkner",D,-1,-1.363
572,609,-37,8473419,"Brad Marchand",L,-3,-1.367
452,610,-158,8468101,"Radek Martinek",D,-1,-1.369
329,611,-282,8471807,"Tom Wandell",C,1,-1.376
607,612,-5,8471704,"Vladimir Mihalik",D,-4,-1.381
519,613,-94,8470713,"Paul Bissonnette",L,-2,-1.398
608,614,-6,8468503,"Nathan Smith",C,-4,-1.409
711,615,96,8469457,"Stephen Weiss",C,-8,-1.415
573,616,-43,8474552,"Fabian Brunnstrom",L,-3,-1.418
520,617,-97,8468534,"Andreas Lilja",D,-2,-1.422
696,618,78,8466260,"Kyle Calder",L,-7,-1.478
609,619,-10,8473953,"Derek Smith",D,-4,-1.497
697,620,77,8460465,"Petr Sykora",R,-7,-1.514
80,621,-541,8468083,"Henrik Zetterberg",L,11,-1.521
330,622,-292,8471371,"Mike Brown",R,1,-1.528
769,623,146,8468113,"Jeff Finger",D,-11,-1.53
712,624,88,8468090,"Garnet Exelby",D,-8,-1.536
331,625,-294,8471794,"Darren Helm",C,1,-1.539
171,626,-455,8472370,"Jordan Hendry",D,5,-1.573
377,627,-250,8470176,"Sean Bergenheim",L,0,-1.579
642,628,14,8474134,"Yannick Weber",D,-5,-1.58
378,629,-251,8471682,"Devin Setoguchi",R,0,-1.613
643,630,13,8474161,"Jakub Voracek",R,-5,-1.619
610,631,-21,8460527,"Ryan Johnson",C,-4,-1.63
783,632,151,8466292,"Todd Fedoruk",L,-12,-1.639
206,633,-427,8466140,"Olli Jokinen",C,4,-1.645
277,634,-357,8465914,"Francis Bouillon",D,2,-1.652
713,635,78,8471390,"Mike Santorelli",C,-8,-1.665
698,636,62,8467491,"Rickard Wallin",C,-7,-1.674
574,637,-63,8468577,"Niclas Wallin",D,-3,-1.676
644,638,6,8465026,"Mark Parrish",R,-5,-1.682
575,639,-64,8469509,"Nathan Paetsch",D,-3,-1.686
125,640,-515,8467478,"Kent Huskins",D,7,-1.718
740,641,99,8456464,"Bill Guerin",R,-9,-1.741
611,642,-31,8469543,"Evgeny Artyukhin",R,-4,-1.751
453,643,-190,8462823,"Glen Metropolit",C,-1,-1.761
379,644,-265,8470616,"Ryan Kesler",C,0,-1.762
576,645,-69,8471221,"Alexandre Picard",L,-3,-1.767
577,646,-69,8470123,"Cam Janssen",R,-3,-1.775
454,647,-193,8467346,"Simon Gagne",L,-1,-1.787
664,648,16,8469460,"Mike Komisarek",D,-6,-1.789
521,649,-128,8471269,"Nicklas Grossmann",D,-2,-1.806
665,650,15,8459122,"Stephane Yelle",C,-6,-1.822
578,651,-73,8470672,"Ryan O'Byrne",D,-3,-1.829
666,652,14,8471314,"Mike Lundin",D,-6,-1.837
667,653,14,8473466,"Ryan White",C,-6,-1.853
645,654,-9,8470876,"Nick Tarnasky",L,-5,-1.883
668,655,13,8471246,"Chris Bourque",L,-6,-1.895
579,656,-77,8473465,"Jamie McGinn",L,-3,-1.949
522,657,-135,8471764,"Patrick Davis",R,-2,-1.967
523,658,-135,8470085,"Paul Ranger",D,-2,-1.968
455,659,-204,8474037,"James van Riemsdyk",L,-1,-1.973
646,660,-14,8471717,"Adam McQuaid",D,-5,-1.991
332,661,-329,8471388,"Patrick Kaleta",R,1,-1.993
380,662,-282,8470614,"Mark Stuart",D,0,-1.998
756,663,93,8456966,"Robert Lang",C,-10,-2.011
770,664,106,8469467,"Chuck Kobasew",R,-11,-2.018
381,665,-284,8466149,"Daniel Cleary",R,0,-2.045
801,666,135,8471702,"Matt Niskanen",D,-14,-2.049
647,667,-20,8468493,"Ron Hainsey",D,-5,-2.055
669,668,1,8469765,"Marc-Andre Bergeron",D,-6,-2.063
771,669,102,8462196,"Stephane Robidas",D,-11,-2.067
333,670,-337,8468501,"Anton Volchenkov",D,1,-2.08
813,671,142,8467329,"Vincent Lecavalier",C,-15,-2.09
741,672,69,8474565,"Alex Pietrangelo",D,-9,-2.108
456,673,-217,8458361,"Doug Weight",C,-1,-2.13
648,674,-26,8470222,"James Wisniewski",D,-5,-2.137
772,675,97,8470061,"Derek Meech",D,-11,-2.171
240,676,-436,8467436,"Jay Leach",D,3,-2.179
714,677,37,8467988,"Ryan Malone",L,-8,-2.203
457,678,-221,8458536,"Dean McAmmond",C,-1,-2.236
278,679,-401,8471476,"Daniel Winnik",C,2,-2.237
790,680,110,8470667,"Clarke MacArthur",L,-13,-2.271
742,681,61,8467332,"Bryan Allen",D,-9,-2.275
743,682,61,8474674,"James Wright",C,-9,-2.278
612,683,-71,8471694,"Kenndal McArdle",L,-4,-2.281
757,684,73,8469770,"Dennis Wideman",D,-10,-2.303
670,685,-15,8449645,"Mike Modano",C,-6,-2.308
172,686,-514,8467580,"Mark Eaton",D,5,-2.324
382,687,-305,8473646,"Ryan Carter",C,0,-2.324
524,688,-164,8468309,"Mark Streit",D,-2,-2.328
458,689,-231,8471879,"Kyle Cumiskey",D,-1,-2.415
671,690,-19,8469798,"Maxime Fortunus",D,-6,-2.421
146,691,-545,8470257,"Alexander Steen",L,6,-2.423
791,692,99,8471657,"Cody McLeod",L,-13,-2.451
649,693,-44,8457261,"Brad May",L,-5,-2.461
672,694,-22,8469531,"Jay Harrison",D,-6,-2.47
744,695,49,8466392,"Todd White",C,-9,-2.503
758,696,62,8470104,"Tom Gilbert",D,-10,-2.514
613,697,-84,8465166,"Craig Adams",R,-4,-2.519
715,698,17,8469120,"Raitis Ivanans",L,-8,-2.542
673,699,-26,8474114,"Oscar Moller",R,-6,-2.548
650,700,-50,8469598,"Kevin Bieksa",D,-5,-2.549
614,701,-87,8471220,"Rostislav Olesz",L,-4,-2.551
759,702,57,8459454,"Jay Pandolfo",L,-10,-2.571
773,703,70,8471339,"Ryan Callahan",R,-11,-2.572
841,704,137,8470680,"Ryan Potulny",C,-21,-2.622
835,705,130,8473544,"Derick Brassard",C,-18,-2.626
383,706,-323,8470609,"Steve Bernier",R,0,-2.627
716,707,9,8471268,"Victor Oreskovich",R,-8,-2.647
384,708,-324,8470180,"Eric Nystrom",L,0,-2.671
385,709,-324,8459687,"Scott Nichol",C,0,-2.673
717,710,7,8465978,"Shawn Thornton",L,-8,-2.688
823,711,112,8471236,"Andrej Meszaros",D,-16,-2.706
674,712,-38,8455919,"Craig Conroy",C,-6,-2.723
675,713,-38,8462060,"Georges Laraque",R,-6,-2.724
802,714,88,8471761,"Chris Butler",D,-14,-2.756
814,715,99,8474567,"Zach Bogosian",D,-15,-2.81
386,716,-330,8469622,"Ryane Clowe",L,0,-2.819
676,717,-41,8470601,"Braydon Coburn",D,-6,-2.833
745,718,27,8459246,"Donald Brashear",L,-9,-2.837
774,719,55,8469820,"Zenon Konopka",C,-11,-2.843
746,720,26,8473682,"Andrew Ebbett",C,-9,-2.895
651,721,-70,8471705,"Brendan Mikkelson",D,-5,-2.903
580,722,-142,8471260,"Blake Comeau",L,-3,-2.921
792,723,69,8473537,"Viktor Stalberg",L,-13,-2.924
760,724,36,8470137,"Joni Pitkanen",D,-10,-2.926
652,725,-73,8471768,"Tom Pyatt",C,-5,-2.934
615,726,-111,8474518,"Davis Drewiske",D,-4,-2.937
747,727,20,8468513,"Nick Schultz",D,-9,-2.946
718,728,-10,8459024,"Jere Lehtinen",R,-8,-2.948
761,729,32,8469664,"David Moss",R,-10,-2.948
824,730,94,8469469,"R.J. Umberger",C,-16,-2.948
825,731,94,8471677,"Jack Johnson",D,-16,-2.964
784,732,52,8469670,"Marek Svatos",R,-12,-3.027
762,733,29,8466215,"Joe Corvo",D,-10,-3.032
748,734,14,8465192,"Samuel Pahlsson",C,-9,-3.039
677,735,-58,8469685,"Andrew Murray",C,-6,-3.081
826,736,90,8471873,"Anton Stralman",D,-16,-3.083
785,737,48,8471436,"Matt Hunwick",D,-12,-3.106
699,738,-39,8470606,"Dustin Brown",R,-7,-3.134
719,739,-20,8471680,"Gilbert Brule",C,-8,-3.164
126,740,-614,8471392,"Roman Polak",D,7,-3.185
387,741,-354,8471958,"Dan Girardi",D,0,-3.196
700,742,-42,8468484,"Rostislav Klesla",D,-7,-3.202
147,743,-596,8468085,"Radim Vrbata",R,6,-3.234
720,744,-24,8459444,"Todd Bertuzzi",R,-8,-3.246
388,746,-358,8470642,"Shea Weber",D,0,-3.294
581,745,-164,8458172,"Darryl Sydor",D,-3,-3.294
616,747,-131,8459450,"Shean Donovan",R,-4,-3.317
827,748,79,8466144,"Paul Mara",D,-16,-3.326
815,749,66,8460492,"Ed Jovanovski",D,-15,-3.328
749,750,-1,8473504,"Cal Clutterbuck",R,-9,-3.353
839,751,88,8460561,"Sheldon Souray",D,-19,-3.356
721,752,-31,8470620,"Jeff Tambellini",L,-8,-3.358
722,753,-31,8470867,"Troy Bodie",R,-8,-3.372
831,754,77,8467502,"Ales Kotalik",R,-17,-3.385
582,755,-173,8458229,"Keith Tkachuk",L,-3,-3.471
723,756,-33,8467915,"Mike Commodore",D,-8,-3.481
617,757,-140,8465024,"Jon Sim",L,-4,-3.493
816,758,58,8473898,"Paul Szczechura",C,-15,-3.498
803,759,44,8470661,"Jean-Francois Jacques",L,-14,-3.5
525,760,-235,8468635,"Travis Moen",L,-2,-3.535
793,761,32,8470774,"Bruno Gervais",D,-13,-3.545
678,762,-84,8471743,"Vladimir Sobotka",L,-6,-3.551
786,763,23,8471756,"Oskars Bartulis",D,-12,-3.572
279,764,-485,8469760,"Zbynek Michalek",D,2,-3.585
679,765,-86,8459462,"Bryan McCabe",D,-6,-3.627
241,766,-525,8467344,"Robyn Regehr",D,3,-3.637
389,767,-378,8473932,"Darroll Powe",C,0,-3.652
750,768,-18,8473512,"Claude Giroux",C,-9,-3.659
804,769,35,8460504,"Ethan Moreau",L,-14,-3.66
526,770,-244,8470602,"Dion Phaneuf",D,-2,-3.699
775,771,4,8471716,"Justin Abdelkader",L,-11,-3.727
701,772,-71,8467882,"Jamie Lundmark",C,-7,-3.774
527,773,-246,8469464,"Fredrik Sjostrom",L,-2,-3.825
763,774,-11,8471697,"Niclas Bergfors",R,-10,-3.855
724,775,-51,8471766,"Jared Boll",R,-8,-3.888
334,776,-442,8470192,"Steve Eminger",D,1,-3.929
680,778,-98,8458938,"Roman Hamrlik",D,-6,-3.948
725,777,-52,8470700,"Byron Bitz",R,-8,-3.948
836,779,57,8468172,"Ruslan Fedotenko",L,-18,-3.955
726,780,-54,8470760,"Marc Methot",D,-8,-4.041
787,781,6,8469647,"Derek Boogaard",L,-12,-4.09
727,782,-55,8473525,"Theo Peckham",D,-8,-4.105
583,783,-200,8459574,"Darcy Tucker",R,-3,-4.156
805,784,21,8473536,"James Sheppard",L,-14,-4.164
806,785,21,8471692,"Ryan Parent",D,-14,-4.439
794,786,8,8475166,"John Tavares",C,-13,-4.482
795,787,8,8465170,"Fernando Pisani",R,-13,-4.517
335,788,-453,8471691,"Martin Hanzal",C,1,-4.58
728,789,-61,8460562,"Chris Drury",C,-8,-4.618
817,790,27,8470268,"Denis Grebeshkov",D,-15,-4.634
776,791,-15,8467357,"Jonathan Cheechoo",R,-11,-4.657
584,792,-208,8467393,"Jarkko Ruutu",L,-3,-4.666
764,793,-29,8460541,"Richard Park",R,-10,-4.719
818,794,24,8470613,"Brent Burns",D,-15,-4.728
807,795,12,8467400,"Francois Beauchemin",D,-14,-4.781
618,796,-178,8468162,"Jerred Smithson",C,-4,-4.791
681,797,-116,8468208,"Joel Ward",R,-6,-4.816
808,798,10,8467831,"Jeff Halpern",C,-14,-4.925
777,799,-22,8467408,"Matt Walker",D,-11,-4.996
819,800,19,8466035,"Sergei Samsonov",L,-15,-5.3
751,801,-50,8459628,"Hal Gill",D,-9,-5.301
459,802,-343,8459094,"Ian Laperriere",R,-1,-5.391
242,803,-561,8467890,"Barret Jackman",D,3,-5.461
752,804,-52,8471229,"Petteri Nokelainen",C,-9,-5.494
702,805,-103,8470631,"Kamil Kreps",C,-7,-5.501
528,806,-278,8466371,"John Madden",C,-2,-5.563
729,807,-78,8474551,"Ville Leino",L,-8,-5.564
820,808,12,8471851,"Matt D'Agostini",R,-15,-5.583
809,809,0,8456887,"Vyacheslav Kozlov",L,-14,-5.794
730,810,-80,8468064,"Martin Erat",R,-8,-5.8
731,811,-80,8470171,"Maxime Talbot",C,-8,-5.827
682,812,-130,8473473,"Milan Lucic",L,-6,-5.838
148,813,-665,8471426,"Troy Brouwer",R,6,-5.918
683,814,-131,8470834,"Dustin Byfuglien",R,-6,-5.948
821,815,6,8460555,"Jason Strudwick",D,-15,-5.953
810,816,-6,8469542,"Stephane Veilleux",L,-14,-5.964
765,817,-52,8467304,"Andy Sutton",D,-10,-6.036
732,818,-86,8467967,"Chris Kelly",C,-8,-6.046
753,819,-66,8473962,"Teddy Purcell",R,-9,-6.058
703,820,-117,8467331,"Brad Stuart",D,-7,-6.085
788,821,-33,8471231,"Kyle Chipchura",C,-12,-6.127
796,822,-26,8470699,"Jan Hejda",D,-13,-6.162
684,823,-139,8474519,"Jack Hillen",D,-6,-6.219
685,824,-139,8464994,"Steve Begin",L,-6,-6.332
243,825,-582,8462176,"Brent Sopel",D,3,-6.465
797,826,-29,8470630,"Kevin Klein",D,-13,-6.592
837,827,10,8459433,"Brendan Witt",D,-18,-6.633
843,828,15,8458541,"Steve Staios",D,-23,-6.667
653,829,-176,8470647,"B.J. Crombeen",R,-5,-6.685
832,830,2,8470775,"Nate Thompson",C,-17,-6.703
811,831,-20,8470654,"Maxim Lapierre",C,-14,-6.796
336,832,-496,8471217,"Andrew Ladd",L,1,-6.826
390,833,-443,8469508,"Jay McClement",C,0,-6.915
704,834,-130,8468434,"Andy McDonald",L,-7,-6.996
842,835,7,8471710,"Taylor Chorney",D,-21,-7.209
833,836,-3,8466142,"Eric Brewer",D,-17,-7.279
789,837,-48,8460567,"Chris Clark",R,-12,-7.451
846,838,8,8445735,"Rod Brind'Amour",C,-27,-7.603
812,839,-27,8468505,"Steve Ott",C,-14,-7.755
828,840,-12,8458519,"Aaron Ward",D,-16,-7.801
829,841,-12,8459587,"Todd Marchant",C,-16,-7.873
844,842,2,8473449,"Kyle Okposo",R,-23,-8.385
766,843,-77,8471232,"Lauri Korpikoski",L,-10,-8.386
705,844,-139,8467330,"David Legwand",C,-7,-8.886
778,845,-67,8470318,"Jonathan Ericsson",D,-11,-9.157
845,846,-1,8467423,"Shawn Horcoff",C,-26,-9.889
847,847,0,8470649,"Patrick O'Sullivan",C,-34,-10.911
